<?xml version="1.0" encoding="UTF-8"?>  
<beans xmlns="http://www.springframework.org/schema/beans"  
xmlns:xsi="http://www.w3.org/2001/XMLSchema-instance" xmlns:aop="http://www.springframework.org/schema/aop"  
xsi:schemaLocation="http://www.springframework.org/schema/beans http://www.springframework.org/schema/beans/spring-beans-3.0.xsd">  
   
  <bean id="CountryBean" class="org.autowireexample.country" autowire="byType">  
      <property name="countryName" value="India"/>  
  </bean>
  <bean id="capital" class="org.autowireexample.Capital">  
      <property name="capitalName" value="Delhi"/>  
  </bean> 
  <!-- <bean id="capital1" class="org.autowireexample.Capital">  
      <property name="capitalName" value="Mumbai"/>
  </bean> -->
</beans>